INSERT INTO TYPE (Name) VALUE ("Normal");
INSERT INTO TYPE (Name) VALUE ("Feu");
INSERT INTO TYPE (Name) VALUE ("Eau");
INSERT INTO TYPE (Name) VALUE ("Plante");
INSERT INTO TYPE (Name) VALUE ("Electrik");
INSERT INTO TYPE (Name) VALUE ("Glace");
INSERT INTO TYPE (Name) VALUE ("Combat");
INSERT INTO TYPE (Name) VALUE ("Poison");
INSERT INTO TYPE (Name) VALUE ("Sol");
INSERT INTO TYPE (Name) VALUE ("Vol");
INSERT INTO TYPE (Name) VALUE ("Psy");
INSERT INTO TYPE (Name) VALUE ("Insecte");
INSERT INTO TYPE (Name) VALUE ("Roche");
INSERT INTO TYPE (Name) VALUE ("Spectre");
INSERT INTO TYPE (Name) VALUE ("Dragon");
INSERT INTO TYPE (Name) VALUE ("Tenebre");
INSERT INTO TYPE (Name) VALUE ("Acier");

INSERT INTO AMPLIFICATOR (NameAttack, NameDefense, Value) VALUE ("Normal", "Normal", 1);
INSERT INTO AMPLIFICATOR (NameAttack, NameDefense, Value) VALUE ("Normal", "Feu", 1);
INSERT INTO AMPLIFICATOR (NameAttack, NameDefense, Value) VALUE ("Normal", "Eau", 1);
INSERT INTO AMPLIFICATOR (NameAttack, NameDefense, Value) VALUE ("Normal", "Plante", 1);
INSERT INTO AMPLIFICATOR (NameAttack, NameDefense, Value) VALUE ("Normal", "Electrik", 1);
INSERT INTO AMPLIFICATOR (NameAttack, NameDefense, Value) VALUE ("Normal", "Glace", 1);
INSERT INTO AMPLIFICATOR (NameAttack, NameDefense, Value) VALUE ("Normal", "Combat", 2);
INSERT INTO AMPLIFICATOR (NameAttack, NameDefense, Value) VALUE ("Normal", "Poison", 1);
INSERT INTO AMPLIFICATOR (NameAttack, NameDefense, Value) VALUE ("Normal", "Sol", 1);
INSERT INTO AMPLIFICATOR (NameAttack, NameDefense, Value) VALUE ("Normal", "Vol", 1);
INSERT INTO AMPLIFICATOR (NameAttack, NameDefense, Value) VALUE ("Normal", "Psy", 1);
INSERT INTO AMPLIFICATOR (NameAttack, NameDefense, Value) VALUE ("Normal", "Insecte", 1);
INSERT INTO AMPLIFICATOR (NameAttack, NameDefense, Value) VALUE ("Normal", "Roche", 1);
INSERT INTO AMPLIFICATOR (NameAttack, NameDefense, Value) VALUE ("Normal", "Spectre", 0);
INSERT INTO AMPLIFICATOR (NameAttack, NameDefense, Value) VALUE ("Normal", "Dragon", 1);
INSERT INTO AMPLIFICATOR (NameAttack, NameDefense, Value) VALUE ("Normal", "Tenebre", 1);
INSERT INTO AMPLIFICATOR (NameAttack, NameDefense, Value) VALUE ("Normal", "Acier", 1);

INSERT INTO AMPLIFICATOR (NameAttack, NameDefense, Value) VALUE ("Feu", "Normal", 1);
INSERT INTO AMPLIFICATOR (NameAttack, NameDefense, Value) VALUE ("Feu", "Feu", 0.5);
INSERT INTO AMPLIFICATOR (NameAttack, NameDefense, Value) VALUE ("Feu", "Eau", 2);
INSERT INTO AMPLIFICATOR (NameAttack, NameDefense, Value) VALUE ("Feu", "Plante", 0.5);
INSERT INTO AMPLIFICATOR (NameAttack, NameDefense, Value) VALUE ("Feu", "Electrik", 1);
INSERT INTO AMPLIFICATOR (NameAttack, NameDefense, Value) VALUE ("Feu", "Glace", 0.5);
INSERT INTO AMPLIFICATOR (NameAttack, NameDefense, Value) VALUE ("Feu", "Combat", 1);
INSERT INTO AMPLIFICATOR (NameAttack, NameDefense, Value) VALUE ("Feu", "Poison", 1);
INSERT INTO AMPLIFICATOR (NameAttack, NameDefense, Value) VALUE ("Feu", "Sol", 2);
INSERT INTO AMPLIFICATOR (NameAttack, NameDefense, Value) VALUE ("Feu", "Vol", 1);
INSERT INTO AMPLIFICATOR (NameAttack, NameDefense, Value) VALUE ("Feu", "Psy", 1);
INSERT INTO AMPLIFICATOR (NameAttack, NameDefense, Value) VALUE ("Feu", "Insecte", 0.5);
INSERT INTO AMPLIFICATOR (NameAttack, NameDefense, Value) VALUE ("Feu", "Roche", 2);
INSERT INTO AMPLIFICATOR (NameAttack, NameDefense, Value) VALUE ("Feu", "Spectre", 1);
INSERT INTO AMPLIFICATOR (NameAttack, NameDefense, Value) VALUE ("Feu", "Dragon", 1);
INSERT INTO AMPLIFICATOR (NameAttack, NameDefense, Value) VALUE ("Feu", "Tenebre", 1);
INSERT INTO AMPLIFICATOR (NameAttack, NameDefense, Value) VALUE ("Feu", "Acier", 0.5);

INSERT INTO AMPLIFICATOR (NameAttack, NameDefense, Value) VALUE ("Eau", "Normal", 1);
INSERT INTO AMPLIFICATOR (NameAttack, NameDefense, Value) VALUE ("Eau", "Feu", 0.5);
INSERT INTO AMPLIFICATOR (NameAttack, NameDefense, Value) VALUE ("Eau", "Eau", 0.5);
INSERT INTO AMPLIFICATOR (NameAttack, NameDefense, Value) VALUE ("Eau", "Plante", 2);
INSERT INTO AMPLIFICATOR (NameAttack, NameDefense, Value) VALUE ("Eau", "Electrik", 2);
INSERT INTO AMPLIFICATOR (NameAttack, NameDefense, Value) VALUE ("Eau", "Glace", 0.5);
INSERT INTO AMPLIFICATOR (NameAttack, NameDefense, Value) VALUE ("Eau", "Combat", 1);
INSERT INTO AMPLIFICATOR (NameAttack, NameDefense, Value) VALUE ("Eau", "Poison", 1);
INSERT INTO AMPLIFICATOR (NameAttack, NameDefense, Value) VALUE ("Eau", "Sol", 1);
INSERT INTO AMPLIFICATOR (NameAttack, NameDefense, Value) VALUE ("Eau", "Vol", 1);
INSERT INTO AMPLIFICATOR (NameAttack, NameDefense, Value) VALUE ("Eau", "Psy", 1);
INSERT INTO AMPLIFICATOR (NameAttack, NameDefense, Value) VALUE ("Eau", "Insecte", 1);
INSERT INTO AMPLIFICATOR (NameAttack, NameDefense, Value) VALUE ("Eau", "Roche", 1);
INSERT INTO AMPLIFICATOR (NameAttack, NameDefense, Value) VALUE ("Eau", "Spectre", 1);
INSERT INTO AMPLIFICATOR (NameAttack, NameDefense, Value) VALUE ("Eau", "Dragon", 1);
INSERT INTO AMPLIFICATOR (NameAttack, NameDefense, Value) VALUE ("Eau", "Tenebre", 1);
INSERT INTO AMPLIFICATOR (NameAttack, NameDefense, Value) VALUE ("Eau", "Acier", 0.5);

INSERT INTO AMPLIFICATOR (NameAttack, NameDefense, Value) VALUE ("Plante", "Normal", 1);
INSERT INTO AMPLIFICATOR (NameAttack, NameDefense, Value) VALUE ("Plante", "Feu", 2);
INSERT INTO AMPLIFICATOR (NameAttack, NameDefense, Value) VALUE ("Plante", "Eau", 0.5);
INSERT INTO AMPLIFICATOR (NameAttack, NameDefense, Value) VALUE ("Plante", "Plante", 0.5);
INSERT INTO AMPLIFICATOR (NameAttack, NameDefense, Value) VALUE ("Plante", "Electrik", 0.5);
INSERT INTO AMPLIFICATOR (NameAttack, NameDefense, Value) VALUE ("Plante", "Glace", 2);
INSERT INTO AMPLIFICATOR (NameAttack, NameDefense, Value) VALUE ("Plante", "Combat", 1);
INSERT INTO AMPLIFICATOR (NameAttack, NameDefense, Value) VALUE ("Plante", "Poison", 2);
INSERT INTO AMPLIFICATOR (NameAttack, NameDefense, Value) VALUE ("Plante", "Sol", 0.5);
INSERT INTO AMPLIFICATOR (NameAttack, NameDefense, Value) VALUE ("Plante", "Vol", 2);
INSERT INTO AMPLIFICATOR (NameAttack, NameDefense, Value) VALUE ("Plante", "Psy", 1);
INSERT INTO AMPLIFICATOR (NameAttack, NameDefense, Value) VALUE ("Plante", "Insecte", 2);
INSERT INTO AMPLIFICATOR (NameAttack, NameDefense, Value) VALUE ("Plante", "Roche", 1);
INSERT INTO AMPLIFICATOR (NameAttack, NameDefense, Value) VALUE ("Plante", "Spectre", 1);
INSERT INTO AMPLIFICATOR (NameAttack, NameDefense, Value) VALUE ("Plante", "Dragon", 1);
INSERT INTO AMPLIFICATOR (NameAttack, NameDefense, Value) VALUE ("Plante", "Tenebre", 1);
INSERT INTO AMPLIFICATOR (NameAttack, NameDefense, Value) VALUE ("Plante", "Acier", 1);

INSERT INTO AMPLIFICATOR (NameAttack, NameDefense, Value) VALUE ("Electrik", "Normal", 1);
INSERT INTO AMPLIFICATOR (NameAttack, NameDefense, Value) VALUE ("Electrik", "Feu", 1);
INSERT INTO AMPLIFICATOR (NameAttack, NameDefense, Value) VALUE ("Electrik", "Eau", 1);
INSERT INTO AMPLIFICATOR (NameAttack, NameDefense, Value) VALUE ("Electrik", "Plante", 1);
INSERT INTO AMPLIFICATOR (NameAttack, NameDefense, Value) VALUE ("Electrik", "Electrik", 0.5);
INSERT INTO AMPLIFICATOR (NameAttack, NameDefense, Value) VALUE ("Electrik", "Glace", 1);
INSERT INTO AMPLIFICATOR (NameAttack, NameDefense, Value) VALUE ("Electrik", "Combat", 1);
INSERT INTO AMPLIFICATOR (NameAttack, NameDefense, Value) VALUE ("Electrik", "Poison", 1);
INSERT INTO AMPLIFICATOR (NameAttack, NameDefense, Value) VALUE ("Electrik", "Sol", 2);
INSERT INTO AMPLIFICATOR (NameAttack, NameDefense, Value) VALUE ("Electrik", "Vol", 0.5);
INSERT INTO AMPLIFICATOR (NameAttack, NameDefense, Value) VALUE ("Electrik", "Psy", 1);
INSERT INTO AMPLIFICATOR (NameAttack, NameDefense, Value) VALUE ("Electrik", "Insecte", 1);
INSERT INTO AMPLIFICATOR (NameAttack, NameDefense, Value) VALUE ("Electrik", "Roche", 1);
INSERT INTO AMPLIFICATOR (NameAttack, NameDefense, Value) VALUE ("Electrik", "Spectre", 1);
INSERT INTO AMPLIFICATOR (NameAttack, NameDefense, Value) VALUE ("Electrik", "Dragon", 1);
INSERT INTO AMPLIFICATOR (NameAttack, NameDefense, Value) VALUE ("Electrik", "Tenebre", 1);
INSERT INTO AMPLIFICATOR (NameAttack, NameDefense, Value) VALUE ("Electrik", "Acier", 1);

INSERT INTO AMPLIFICATOR (NameAttack, NameDefense, Value) VALUE ("Glace", "Normal", 1);
INSERT INTO AMPLIFICATOR (NameAttack, NameDefense, Value) VALUE ("Glace", "Feu", 2);
INSERT INTO AMPLIFICATOR (NameAttack, NameDefense, Value) VALUE ("Glace", "Eau", 1);
INSERT INTO AMPLIFICATOR (NameAttack, NameDefense, Value) VALUE ("Glace", "Plante", 1);
INSERT INTO AMPLIFICATOR (NameAttack, NameDefense, Value) VALUE ("Glace", "Electrik", 1);
INSERT INTO AMPLIFICATOR (NameAttack, NameDefense, Value) VALUE ("Glace", "Glace", 0.5);
INSERT INTO AMPLIFICATOR (NameAttack, NameDefense, Value) VALUE ("Glace", "Combat", 2);
INSERT INTO AMPLIFICATOR (NameAttack, NameDefense, Value) VALUE ("Glace", "Poison", 1);
INSERT INTO AMPLIFICATOR (NameAttack, NameDefense, Value) VALUE ("Glace", "Sol", 1);
INSERT INTO AMPLIFICATOR (NameAttack, NameDefense, Value) VALUE ("Glace", "Vol", 1);
INSERT INTO AMPLIFICATOR (NameAttack, NameDefense, Value) VALUE ("Glace", "Psy", 1);
INSERT INTO AMPLIFICATOR (NameAttack, NameDefense, Value) VALUE ("Glace", "Insecte", 1);
INSERT INTO AMPLIFICATOR (NameAttack, NameDefense, Value) VALUE ("Glace", "Roche", 2);
INSERT INTO AMPLIFICATOR (NameAttack, NameDefense, Value) VALUE ("Glace", "Spectre", 1);
INSERT INTO AMPLIFICATOR (NameAttack, NameDefense, Value) VALUE ("Glace", "Dragon", 1);
INSERT INTO AMPLIFICATOR (NameAttack, NameDefense, Value) VALUE ("Glace", "Tenebre", 1);
INSERT INTO AMPLIFICATOR (NameAttack, NameDefense, Value) VALUE ("Glace", "Acier", 2);

INSERT INTO AMPLIFICATOR (NameAttack, NameDefense, Value) VALUE ("Combat", "Normal", 1);
INSERT INTO AMPLIFICATOR (NameAttack, NameDefense, Value) VALUE ("Combat", "Feu", 1);
INSERT INTO AMPLIFICATOR (NameAttack, NameDefense, Value) VALUE ("Combat", "Eau", 1);
INSERT INTO AMPLIFICATOR (NameAttack, NameDefense, Value) VALUE ("Combat", "Plante", 1);
INSERT INTO AMPLIFICATOR (NameAttack, NameDefense, Value) VALUE ("Combat", "Electrik", 1);
INSERT INTO AMPLIFICATOR (NameAttack, NameDefense, Value) VALUE ("Combat", "Glace", 1);
INSERT INTO AMPLIFICATOR (NameAttack, NameDefense, Value) VALUE ("Combat", "Combat", 1);
INSERT INTO AMPLIFICATOR (NameAttack, NameDefense, Value) VALUE ("Combat", "Poison", 1);
INSERT INTO AMPLIFICATOR (NameAttack, NameDefense, Value) VALUE ("Combat", "Sol", 1);
INSERT INTO AMPLIFICATOR (NameAttack, NameDefense, Value) VALUE ("Combat", "Vol", 2);
INSERT INTO AMPLIFICATOR (NameAttack, NameDefense, Value) VALUE ("Combat", "Psy", 2);
INSERT INTO AMPLIFICATOR (NameAttack, NameDefense, Value) VALUE ("Combat", "Insecte", 0.5);
INSERT INTO AMPLIFICATOR (NameAttack, NameDefense, Value) VALUE ("Combat", "Roche", 0.5);
INSERT INTO AMPLIFICATOR (NameAttack, NameDefense, Value) VALUE ("Combat", "Spectre", 1);
INSERT INTO AMPLIFICATOR (NameAttack, NameDefense, Value) VALUE ("Combat", "Dragon", 1);
INSERT INTO AMPLIFICATOR (NameAttack, NameDefense, Value) VALUE ("Combat", "Tenebre", 0.5);
INSERT INTO AMPLIFICATOR (NameAttack, NameDefense, Value) VALUE ("Combat", "Acier", 1);

INSERT INTO AMPLIFICATOR (NameAttack, NameDefense, Value) VALUE ("Poison", "Normal", 1);
INSERT INTO AMPLIFICATOR (NameAttack, NameDefense, Value) VALUE ("Poison", "Feu", 1);
INSERT INTO AMPLIFICATOR (NameAttack, NameDefense, Value) VALUE ("Poison", "Eau", 1);
INSERT INTO AMPLIFICATOR (NameAttack, NameDefense, Value) VALUE ("Poison", "Plante", 0.5);
INSERT INTO AMPLIFICATOR (NameAttack, NameDefense, Value) VALUE ("Poison", "Electrik", 1);
INSERT INTO AMPLIFICATOR (NameAttack, NameDefense, Value) VALUE ("Poison", "Glace", 1);
INSERT INTO AMPLIFICATOR (NameAttack, NameDefense, Value) VALUE ("Poison", "Combat", 0.5);
INSERT INTO AMPLIFICATOR (NameAttack, NameDefense, Value) VALUE ("Poison", "Poison", 0.5);
INSERT INTO AMPLIFICATOR (NameAttack, NameDefense, Value) VALUE ("Poison", "Sol", 2);
INSERT INTO AMPLIFICATOR (NameAttack, NameDefense, Value) VALUE ("Poison", "Vol", 1);
INSERT INTO AMPLIFICATOR (NameAttack, NameDefense, Value) VALUE ("Poison", "Psy", 2);
INSERT INTO AMPLIFICATOR (NameAttack, NameDefense, Value) VALUE ("Poison", "Insecte", 0.5);
INSERT INTO AMPLIFICATOR (NameAttack, NameDefense, Value) VALUE ("Poison", "Roche", 1);
INSERT INTO AMPLIFICATOR (NameAttack, NameDefense, Value) VALUE ("Poison", "Spectre", 1);
INSERT INTO AMPLIFICATOR (NameAttack, NameDefense, Value) VALUE ("Poison", "Dragon", 1);
INSERT INTO AMPLIFICATOR (NameAttack, NameDefense, Value) VALUE ("Poison", "Tenebre", 1);
INSERT INTO AMPLIFICATOR (NameAttack, NameDefense, Value) VALUE ("Poison", "Acier", 1);

INSERT INTO AMPLIFICATOR (NameAttack, NameDefense, Value) VALUE ("Sol", "Normal", 1);
INSERT INTO AMPLIFICATOR (NameAttack, NameDefense, Value) VALUE ("Sol", "Feu", 1);
INSERT INTO AMPLIFICATOR (NameAttack, NameDefense, Value) VALUE ("Sol", "Eau", 2);
INSERT INTO AMPLIFICATOR (NameAttack, NameDefense, Value) VALUE ("Sol", "Plante", 2);
INSERT INTO AMPLIFICATOR (NameAttack, NameDefense, Value) VALUE ("Sol", "Electrik", 0);
INSERT INTO AMPLIFICATOR (NameAttack, NameDefense, Value) VALUE ("Sol", "Glace", 2);
INSERT INTO AMPLIFICATOR (NameAttack, NameDefense, Value) VALUE ("Sol", "Combat", 1);
INSERT INTO AMPLIFICATOR (NameAttack, NameDefense, Value) VALUE ("Sol", "Poison", 0.5);
INSERT INTO AMPLIFICATOR (NameAttack, NameDefense, Value) VALUE ("Sol", "Sol", 1);
INSERT INTO AMPLIFICATOR (NameAttack, NameDefense, Value) VALUE ("Sol", "Vol", 1);
INSERT INTO AMPLIFICATOR (NameAttack, NameDefense, Value) VALUE ("Sol", "Psy", 1);
INSERT INTO AMPLIFICATOR (NameAttack, NameDefense, Value) VALUE ("Sol", "Insecte", 1);
INSERT INTO AMPLIFICATOR (NameAttack, NameDefense, Value) VALUE ("Sol", "Roche", 0.5);
INSERT INTO AMPLIFICATOR (NameAttack, NameDefense, Value) VALUE ("Sol", "Spectre", 1);
INSERT INTO AMPLIFICATOR (NameAttack, NameDefense, Value) VALUE ("Sol", "Dragon", 1);
INSERT INTO AMPLIFICATOR (NameAttack, NameDefense, Value) VALUE ("Sol", "Tenebre", 1);
INSERT INTO AMPLIFICATOR (NameAttack, NameDefense, Value) VALUE ("Sol", "Acier", 1);

INSERT INTO AMPLIFICATOR (NameAttack, NameDefense, Value) VALUE ("Vol", "Normal", 1);
INSERT INTO AMPLIFICATOR (NameAttack, NameDefense, Value) VALUE ("Vol", "Feu", 1);
INSERT INTO AMPLIFICATOR (NameAttack, NameDefense, Value) VALUE ("Vol", "Eau", 1);
INSERT INTO AMPLIFICATOR (NameAttack, NameDefense, Value) VALUE ("Vol", "Plante", 0.5);
INSERT INTO AMPLIFICATOR (NameAttack, NameDefense, Value) VALUE ("Vol", "Electrik", 2);
INSERT INTO AMPLIFICATOR (NameAttack, NameDefense, Value) VALUE ("Vol", "Glace", 2);
INSERT INTO AMPLIFICATOR (NameAttack, NameDefense, Value) VALUE ("Vol", "Combat", 0.5);
INSERT INTO AMPLIFICATOR (NameAttack, NameDefense, Value) VALUE ("Vol", "Poison", 1);
INSERT INTO AMPLIFICATOR (NameAttack, NameDefense, Value) VALUE ("Vol", "Sol", 0);
INSERT INTO AMPLIFICATOR (NameAttack, NameDefense, Value) VALUE ("Vol", "Vol", 1);
INSERT INTO AMPLIFICATOR (NameAttack, NameDefense, Value) VALUE ("Vol", "Psy", 1);
INSERT INTO AMPLIFICATOR (NameAttack, NameDefense, Value) VALUE ("Vol", "Insecte", 0.5);
INSERT INTO AMPLIFICATOR (NameAttack, NameDefense, Value) VALUE ("Vol", "Roche", 2);
INSERT INTO AMPLIFICATOR (NameAttack, NameDefense, Value) VALUE ("Vol", "Spectre", 1);
INSERT INTO AMPLIFICATOR (NameAttack, NameDefense, Value) VALUE ("Vol", "Dragon", 1);
INSERT INTO AMPLIFICATOR (NameAttack, NameDefense, Value) VALUE ("Vol", "Tenebre", 1);
INSERT INTO AMPLIFICATOR (NameAttack, NameDefense, Value) VALUE ("Vol", "Acier", 1);

INSERT INTO AMPLIFICATOR (NameAttack, NameDefense, Value) VALUE ("Psy", "Normal", 1);
INSERT INTO AMPLIFICATOR (NameAttack, NameDefense, Value) VALUE ("Psy", "Feu", 1);
INSERT INTO AMPLIFICATOR (NameAttack, NameDefense, Value) VALUE ("Psy", "Eau", 1);
INSERT INTO AMPLIFICATOR (NameAttack, NameDefense, Value) VALUE ("Psy", "Plante", 1);
INSERT INTO AMPLIFICATOR (NameAttack, NameDefense, Value) VALUE ("Psy", "Electrik", 1);
INSERT INTO AMPLIFICATOR (NameAttack, NameDefense, Value) VALUE ("Psy", "Glace", 1);
INSERT INTO AMPLIFICATOR (NameAttack, NameDefense, Value) VALUE ("Psy", "Combat", 0.5);
INSERT INTO AMPLIFICATOR (NameAttack, NameDefense, Value) VALUE ("Psy", "Poison", 1);
INSERT INTO AMPLIFICATOR (NameAttack, NameDefense, Value) VALUE ("Psy", "Sol", 1);
INSERT INTO AMPLIFICATOR (NameAttack, NameDefense, Value) VALUE ("Psy", "Vol", 1);
INSERT INTO AMPLIFICATOR (NameAttack, NameDefense, Value) VALUE ("Psy", "Psy", 0.5);
INSERT INTO AMPLIFICATOR (NameAttack, NameDefense, Value) VALUE ("Psy", "Insecte", 2);
INSERT INTO AMPLIFICATOR (NameAttack, NameDefense, Value) VALUE ("Psy", "Roche", 1);
INSERT INTO AMPLIFICATOR (NameAttack, NameDefense, Value) VALUE ("Psy", "Spectre", 2);
INSERT INTO AMPLIFICATOR (NameAttack, NameDefense, Value) VALUE ("Psy", "Dragon", 1);
INSERT INTO AMPLIFICATOR (NameAttack, NameDefense, Value) VALUE ("Psy", "Tenebre", 2);
INSERT INTO AMPLIFICATOR (NameAttack, NameDefense, Value) VALUE ("Psy", "Acier", 1);

INSERT INTO AMPLIFICATOR (NameAttack, NameDefense, Value) VALUE ("Insecte", "Normal", 1);
INSERT INTO AMPLIFICATOR (NameAttack, NameDefense, Value) VALUE ("Insecte", "Feu", 2);
INSERT INTO AMPLIFICATOR (NameAttack, NameDefense, Value) VALUE ("Insecte", "Eau", 1);
INSERT INTO AMPLIFICATOR (NameAttack, NameDefense, Value) VALUE ("Insecte", "Plante", 0.5);
INSERT INTO AMPLIFICATOR (NameAttack, NameDefense, Value) VALUE ("Insecte", "Electrik", 1);
INSERT INTO AMPLIFICATOR (NameAttack, NameDefense, Value) VALUE ("Insecte", "Glace", 1);
INSERT INTO AMPLIFICATOR (NameAttack, NameDefense, Value) VALUE ("Insecte", "Combat", 0.5);
INSERT INTO AMPLIFICATOR (NameAttack, NameDefense, Value) VALUE ("Insecte", "Poison", 1);
INSERT INTO AMPLIFICATOR (NameAttack, NameDefense, Value) VALUE ("Insecte", "Sol", 0.5);
INSERT INTO AMPLIFICATOR (NameAttack, NameDefense, Value) VALUE ("Insecte", "Vol", 2);
INSERT INTO AMPLIFICATOR (NameAttack, NameDefense, Value) VALUE ("Insecte", "Psy", 1);
INSERT INTO AMPLIFICATOR (NameAttack, NameDefense, Value) VALUE ("Insecte", "Insecte", 1);
INSERT INTO AMPLIFICATOR (NameAttack, NameDefense, Value) VALUE ("Insecte", "Roche", 2);
INSERT INTO AMPLIFICATOR (NameAttack, NameDefense, Value) VALUE ("Insecte", "Spectre", 1);
INSERT INTO AMPLIFICATOR (NameAttack, NameDefense, Value) VALUE ("Insecte", "Dragon", 1);
INSERT INTO AMPLIFICATOR (NameAttack, NameDefense, Value) VALUE ("Insecte", "Tenebre", 1);
INSERT INTO AMPLIFICATOR (NameAttack, NameDefense, Value) VALUE ("Insecte", "Acier", 1);

INSERT INTO AMPLIFICATOR (NameAttack, NameDefense, Value) VALUE ("Roche", "Normal", 0.5);
INSERT INTO AMPLIFICATOR (NameAttack, NameDefense, Value) VALUE ("Roche", "Feu", 0.5);
INSERT INTO AMPLIFICATOR (NameAttack, NameDefense, Value) VALUE ("Roche", "Eau", 2);
INSERT INTO AMPLIFICATOR (NameAttack, NameDefense, Value) VALUE ("Roche", "Plante", 2);
INSERT INTO AMPLIFICATOR (NameAttack, NameDefense, Value) VALUE ("Roche", "Electrik", 1);
INSERT INTO AMPLIFICATOR (NameAttack, NameDefense, Value) VALUE ("Roche", "Glace", 1);
INSERT INTO AMPLIFICATOR (NameAttack, NameDefense, Value) VALUE ("Roche", "Combat", 2);
INSERT INTO AMPLIFICATOR (NameAttack, NameDefense, Value) VALUE ("Roche", "Poison", 0.5);
INSERT INTO AMPLIFICATOR (NameAttack, NameDefense, Value) VALUE ("Roche", "Sol", 2);
INSERT INTO AMPLIFICATOR (NameAttack, NameDefense, Value) VALUE ("Roche", "Vol", 0.5);
INSERT INTO AMPLIFICATOR (NameAttack, NameDefense, Value) VALUE ("Roche", "Psy", 1);
INSERT INTO AMPLIFICATOR (NameAttack, NameDefense, Value) VALUE ("Roche", "Insecte", 1);
INSERT INTO AMPLIFICATOR (NameAttack, NameDefense, Value) VALUE ("Roche", "Roche", 1);
INSERT INTO AMPLIFICATOR (NameAttack, NameDefense, Value) VALUE ("Roche", "Spectre", 1);
INSERT INTO AMPLIFICATOR (NameAttack, NameDefense, Value) VALUE ("Roche", "Dragon", 1);
INSERT INTO AMPLIFICATOR (NameAttack, NameDefense, Value) VALUE ("Roche", "Tenebre", 1);
INSERT INTO AMPLIFICATOR (NameAttack, NameDefense, Value) VALUE ("Roche", "Acier", 2);

INSERT INTO AMPLIFICATOR (NameAttack, NameDefense, Value) VALUE ("Spectre", "Normal", 0);
INSERT INTO AMPLIFICATOR (NameAttack, NameDefense, Value) VALUE ("Spectre", "Feu", 1);
INSERT INTO AMPLIFICATOR (NameAttack, NameDefense, Value) VALUE ("Spectre", "Eau", 1);
INSERT INTO AMPLIFICATOR (NameAttack, NameDefense, Value) VALUE ("Spectre", "Plante", 1);
INSERT INTO AMPLIFICATOR (NameAttack, NameDefense, Value) VALUE ("Spectre", "Electrik", 1);
INSERT INTO AMPLIFICATOR (NameAttack, NameDefense, Value) VALUE ("Spectre", "Glace", 1);
INSERT INTO AMPLIFICATOR (NameAttack, NameDefense, Value) VALUE ("Spectre", "Combat", 0);
INSERT INTO AMPLIFICATOR (NameAttack, NameDefense, Value) VALUE ("Spectre", "Poison", 0.5);
INSERT INTO AMPLIFICATOR (NameAttack, NameDefense, Value) VALUE ("Spectre", "Sol", 1);
INSERT INTO AMPLIFICATOR (NameAttack, NameDefense, Value) VALUE ("Spectre", "Vol", 1);
INSERT INTO AMPLIFICATOR (NameAttack, NameDefense, Value) VALUE ("Spectre", "Psy", 1);
INSERT INTO AMPLIFICATOR (NameAttack, NameDefense, Value) VALUE ("Spectre", "Insecte", 0.5);
INSERT INTO AMPLIFICATOR (NameAttack, NameDefense, Value) VALUE ("Spectre", "Roche", 1);
INSERT INTO AMPLIFICATOR (NameAttack, NameDefense, Value) VALUE ("Spectre", "Spectre", 2);
INSERT INTO AMPLIFICATOR (NameAttack, NameDefense, Value) VALUE ("Spectre", "Dragon", 1);
INSERT INTO AMPLIFICATOR (NameAttack, NameDefense, Value) VALUE ("Spectre", "Tenebre", 2);
INSERT INTO AMPLIFICATOR (NameAttack, NameDefense, Value) VALUE ("Spectre", "Acier", 1);

INSERT INTO AMPLIFICATOR (NameAttack, NameDefense, Value) VALUE ("Dragon", "Normal", 1);
INSERT INTO AMPLIFICATOR (NameAttack, NameDefense, Value) VALUE ("Dragon", "Feu", 0.5);
INSERT INTO AMPLIFICATOR (NameAttack, NameDefense, Value) VALUE ("Dragon", "Eau", 0.5);
INSERT INTO AMPLIFICATOR (NameAttack, NameDefense, Value) VALUE ("Dragon", "Plante", 0.5);
INSERT INTO AMPLIFICATOR (NameAttack, NameDefense, Value) VALUE ("Dragon", "Electrik", 0.5);
INSERT INTO AMPLIFICATOR (NameAttack, NameDefense, Value) VALUE ("Dragon", "Glace", 2);
INSERT INTO AMPLIFICATOR (NameAttack, NameDefense, Value) VALUE ("Dragon", "Combat", 1);
INSERT INTO AMPLIFICATOR (NameAttack, NameDefense, Value) VALUE ("Dragon", "Poison", 1);
INSERT INTO AMPLIFICATOR (NameAttack, NameDefense, Value) VALUE ("Dragon", "Sol", 1);
INSERT INTO AMPLIFICATOR (NameAttack, NameDefense, Value) VALUE ("Dragon", "Vol", 1);
INSERT INTO AMPLIFICATOR (NameAttack, NameDefense, Value) VALUE ("Dragon", "Psy", 1);
INSERT INTO AMPLIFICATOR (NameAttack, NameDefense, Value) VALUE ("Dragon", "Insecte", 1);
INSERT INTO AMPLIFICATOR (NameAttack, NameDefense, Value) VALUE ("Dragon", "Roche", 1);
INSERT INTO AMPLIFICATOR (NameAttack, NameDefense, Value) VALUE ("Dragon", "Spectre", 1);
INSERT INTO AMPLIFICATOR (NameAttack, NameDefense, Value) VALUE ("Dragon", "Dragon", 2);
INSERT INTO AMPLIFICATOR (NameAttack, NameDefense, Value) VALUE ("Dragon", "Tenebre", 1);
INSERT INTO AMPLIFICATOR (NameAttack, NameDefense, Value) VALUE ("Dragon", "Acier", 1);

INSERT INTO AMPLIFICATOR (NameAttack, NameDefense, Value) VALUE ("Tenebre", "Normal", 1);
INSERT INTO AMPLIFICATOR (NameAttack, NameDefense, Value) VALUE ("Tenebre", "Feu", 1);
INSERT INTO AMPLIFICATOR (NameAttack, NameDefense, Value) VALUE ("Tenebre", "Eau", 1);
INSERT INTO AMPLIFICATOR (NameAttack, NameDefense, Value) VALUE ("Tenebre", "Plante", 1);
INSERT INTO AMPLIFICATOR (NameAttack, NameDefense, Value) VALUE ("Tenebre", "Electrik", 1);
INSERT INTO AMPLIFICATOR (NameAttack, NameDefense, Value) VALUE ("Tenebre", "Glace", 1);
INSERT INTO AMPLIFICATOR (NameAttack, NameDefense, Value) VALUE ("Tenebre", "Combat", 2);
INSERT INTO AMPLIFICATOR (NameAttack, NameDefense, Value) VALUE ("Tenebre", "Poison", 1);
INSERT INTO AMPLIFICATOR (NameAttack, NameDefense, Value) VALUE ("Tenebre", "Sol", 1);
INSERT INTO AMPLIFICATOR (NameAttack, NameDefense, Value) VALUE ("Tenebre", "Vol", 1);
INSERT INTO AMPLIFICATOR (NameAttack, NameDefense, Value) VALUE ("Tenebre", "Psy", 0);
INSERT INTO AMPLIFICATOR (NameAttack, NameDefense, Value) VALUE ("Tenebre", "Insecte", 2);
INSERT INTO AMPLIFICATOR (NameAttack, NameDefense, Value) VALUE ("Tenebre", "Roche", 1);
INSERT INTO AMPLIFICATOR (NameAttack, NameDefense, Value) VALUE ("Tenebre", "Spectre", 0.5);
INSERT INTO AMPLIFICATOR (NameAttack, NameDefense, Value) VALUE ("Tenebre", "Dragon", 1);
INSERT INTO AMPLIFICATOR (NameAttack, NameDefense, Value) VALUE ("Tenebre", "Tenebre", 0.5);
INSERT INTO AMPLIFICATOR (NameAttack, NameDefense, Value) VALUE ("Tenebre", "Acier", 1);

INSERT INTO AMPLIFICATOR (NameAttack, NameDefense, Value) VALUE ("Acier", "Normal", 0.5);
INSERT INTO AMPLIFICATOR (NameAttack, NameDefense, Value) VALUE ("Acier", "Feu", 2);
INSERT INTO AMPLIFICATOR (NameAttack, NameDefense, Value) VALUE ("Acier", "Eau", 1);
INSERT INTO AMPLIFICATOR (NameAttack, NameDefense, Value) VALUE ("Acier", "Plante", 0.5);
INSERT INTO AMPLIFICATOR (NameAttack, NameDefense, Value) VALUE ("Acier", "Electrik", 1);
INSERT INTO AMPLIFICATOR (NameAttack, NameDefense, Value) VALUE ("Acier", "Glace", 0.5);
INSERT INTO AMPLIFICATOR (NameAttack, NameDefense, Value) VALUE ("Acier", "Combat", 2);
INSERT INTO AMPLIFICATOR (NameAttack, NameDefense, Value) VALUE ("Acier", "Poison", 0);
INSERT INTO AMPLIFICATOR (NameAttack, NameDefense, Value) VALUE ("Acier", "Sol", 2);
INSERT INTO AMPLIFICATOR (NameAttack, NameDefense, Value) VALUE ("Acier", "Vol", 0.5);
INSERT INTO AMPLIFICATOR (NameAttack, NameDefense, Value) VALUE ("Acier", "Psy", 0.5);
INSERT INTO AMPLIFICATOR (NameAttack, NameDefense, Value) VALUE ("Acier", "Insecte", 0.5);
INSERT INTO AMPLIFICATOR (NameAttack, NameDefense, Value) VALUE ("Acier", "Roche", 0.5);
INSERT INTO AMPLIFICATOR (NameAttack, NameDefense, Value) VALUE ("Acier", "Spectre", 0.5);
INSERT INTO AMPLIFICATOR (NameAttack, NameDefense, Value) VALUE ("Acier", "Dragon", 0.5);
INSERT INTO AMPLIFICATOR (NameAttack, NameDefense, Value) VALUE ("Acier", "Tenebre", 0.5);
INSERT INTO AMPLIFICATOR (NameAttack, NameDefense, Value) VALUE ("Acier", "Acier", 0.5);

INSERT INTO LOCATION (Name) VALUE ("Route5");
INSERT INTO LOCATION (Name) VALUE ("Route4");
INSERT INTO LOCATION (Name) VALUE ("Route13");
INSERT INTO LOCATION (Name) VALUE ("Route14");
INSERT INTO LOCATION (Name) VALUE ("Route16");

INSERT INTO POKEMON (Name, PV, Attack, Defense, Speed) VALUE ("Taupiqueur", 10, 55, 25, 95);
INSERT INTO POKEMON (Name, PV, Attack, Defense, Speed) VALUE ("Kraknoix", 45, 100, 45, 10);
INSERT INTO POKEMON (Name, PV, Attack, Defense, Speed) VALUE ("Griknot", 58, 70, 45, 42);
INSERT INTO POKEMON (Name, PV, Attack, Defense, Speed) VALUE ("Gravalanch", 55, 95, 115, 35);
INSERT INTO POKEMON (Name, PV, Attack, Defense, Speed) VALUE ("Limagma", 40, 40, 40, 20);
INSERT INTO POKEMON (Name, PV, Attack, Defense, Speed) VALUE ("Abra", 35, 85, 45, 75);
INSERT INTO POKEMON (Name, PV, Attack, Defense, Speed) VALUE ("Doduo", 50, 10, 15, 10);
INSERT INTO POKEMON (Name, PV, Attack, Defense, Speed) VALUE ("Sapereau", 38, 36, 38, 57);
INSERT INTO POKEMON (Name, PV, Attack, Defense, Speed) VALUE ("Cabriolaine", 66, 65, 48, 52);
INSERT INTO POKEMON (Name, PV, Attack, Defense, Speed) VALUE ("Pandespiègle", 67, 82, 62, 43);
INSERT INTO POKEMON (Name, PV, Attack, Defense, Speed) VALUE ("Couafarel", 75, 80, 60, 102);
INSERT INTO POKEMON (Name, PV, Attack, Defense, Speed) VALUE ("Posipi", 60, 50, 40, 95);
INSERT INTO POKEMON (Name, PV, Attack, Defense, Speed) VALUE ("Négapi", 60, 40, 50, 95);
INSERT INTO POKEMON (Name, PV, Attack, Defense, Speed) VALUE ("Gloupti", 70, 43, 53, 40);
INSERT INTO POKEMON (Name, PV, Attack, Defense, Speed) VALUE ("Baggiguane", 50, 75, 70, 48);
INSERT INTO POKEMON (Name, PV, Attack, Defense, Speed) VALUE ("Coxy", 40, 20, 30, 55);
INSERT INTO POKEMON (Name, PV, Attack, Defense, Speed) VALUE ("Tarsal", 28, 25, 25, 40);
INSERT INTO POKEMON (Name, PV, Attack, Defense, Speed) VALUE ("Skitty", 50, 45, 45, 50);
INSERT INTO POKEMON (Name, PV, Attack, Defense, Speed) VALUE ("Rozbouton", 40, 30, 35, 55);
INSERT INTO POKEMON (Name, PV, Attack, Defense, Speed) VALUE ("Apitrini", 30, 30, 42, 70);
INSERT INTO POKEMON (Name, PV, Attack, Defense, Speed) VALUE ("Boustiflor", 65, 90, 50, 55);
INSERT INTO POKEMON (Name, PV, Attack, Defense, Speed) VALUE ("Rapion", 40, 50, 90, 65);
INSERT INTO POKEMON (Name, PV, Attack, Defense, Speed) VALUE ("Brocélôme", 43, 70, 48, 38);
INSERT INTO POKEMON (Name, PV, Attack, Defense, Speed) VALUE ("Pitrouille", 49, 66, 70, 51);
INSERT INTO POKEMON (Name, PV, Attack, Defense, Speed) VALUE ("Cornèbre", 60, 85, 42, 91);
INSERT INTO POKEMON (Name, PV, Attack, Defense, Speed) VALUE ("Trompignon", 69, 55, 45, 15);
INSERT INTO POKEMON (Name, PV, Attack, Defense, Speed) VALUE ("Trousselin", 57, 80, 91, 75);
INSERT INTO POKEMON (Name, PV, Attack, Defense, Speed) VALUE ("Lombre", 60, 50, 50, 50);
INSERT INTO POKEMON (Name, PV, Attack, Defense, Speed) VALUE ("Mustéflott", 85, 105, 55, 115);
INSERT INTO POKEMON (Name, PV, Attack, Defense, Speed) VALUE ("Ptitard", 40, 50, 40, 90);
INSERT INTO POKEMON (Name, PV, Attack, Defense, Speed) VALUE ("Têtarte", 65, 65, 65, 90);
INSERT INTO POKEMON (Name, PV, Attack, Defense, Speed) VALUE ("Bargantua", 70, 92, 65, 98);
INSERT INTO POKEMON (Name, PV, Attack, Defense, Speed) VALUE ("Spectrum", 45, 50, 45, 95);
INSERT INTO POKEMON (Name, PV, Attack, Defense, Speed) VALUE ("Maraiste", 95, 85, 85, 35);
INSERT INTO POKEMON (Name, PV, Attack, Defense, Speed) VALUE ("Vortente", 74, 100, 72, 46);
INSERT INTO POKEMON (Name, PV, Attack, Defense, Speed) VALUE ("Carabing", 50, 75, 45, 60);
INSERT INTO POKEMON (Name, PV, Attack, Defense, Speed) VALUE ("Escargaume", 40, 40, 85, 25);
INSERT INTO POKEMON (Name, PV, Attack, Defense, Speed) VALUE ("Mucuscule", 45, 50, 35, 40);
INSERT INTO POKEMON (Name, PV, Attack, Defense, Speed) VALUE ("Limonde", 109, 66, 84, 32);
INSERT INTO POKEMON (Name, PV, Attack, Defense, Speed) VALUE ("Abo", 35, 60, 44, 40);
INSERT INTO POKEMON (Name, PV, Attack, Defense, Speed) VALUE ("Chétiflor", 50, 75, 35, 70);
INSERT INTO POKEMON (Name, PV, Attack, Defense, Speed) VALUE ("Barloche", 50, 48, 43, 60);
INSERT INTO POKEMON (Name, PV, Attack, Defense, Speed) VALUE ("Barbicha", 110, 78, 73, 60);

INSERT INTO BELONGSTO (NamePokemon, NameType) VALUE ("Taupiqueur", "Sol");
INSERT INTO BELONGSTO (NamePokemon, NameType) VALUE ("Kraknoix", "Sol");
INSERT INTO BELONGSTO (NamePokemon, NameType) VALUE ("Griknot", "Sol");
INSERT INTO BELONGSTO (NamePokemon, NameType) VALUE ("Griknot", "Dragon");
INSERT INTO BELONGSTO (NamePokemon, NameType) VALUE ("Gravalanch", "Sol");
INSERT INTO BELONGSTO (NamePokemon, NameType) VALUE ("Gravalanch", "Roche");
INSERT INTO BELONGSTO (NamePokemon, NameType) VALUE ("Limagma", "Feu");
INSERT INTO BELONGSTO (NamePokemon, NameType) VALUE ("Abra", "Psy");
INSERT INTO BELONGSTO (NamePokemon, NameType) VALUE ("Doduo", "Normal");
INSERT INTO BELONGSTO (NamePokemon, NameType) VALUE ("Doduo", "Vol");
INSERT INTO BELONGSTO (NamePokemon, NameType) VALUE ("Sapereau", "Normal");
INSERT INTO BELONGSTO (NamePokemon, NameType) VALUE ("Cabriolaine", "Plante");
INSERT INTO BELONGSTO (NamePokemon, NameType) VALUE ("Pandespiègle", "Combat");
INSERT INTO BELONGSTO (NamePokemon, NameType) VALUE ("Couafarel", "Normal");
INSERT INTO BELONGSTO (NamePokemon, NameType) VALUE ("Posipi", "Electrik");
INSERT INTO BELONGSTO (NamePokemon, NameType) VALUE ("Négapi", "Electrik");
INSERT INTO BELONGSTO (NamePokemon, NameType) VALUE ("Gloupti", "Poison");
INSERT INTO BELONGSTO (NamePokemon, NameType) VALUE ("Baggiguane", "Tenebre");
INSERT INTO BELONGSTO (NamePokemon, NameType) VALUE ("Baggiguane", "Combat");
INSERT INTO BELONGSTO (NamePokemon, NameType) VALUE ("Coxy", "Insecte");
INSERT INTO BELONGSTO (NamePokemon, NameType) VALUE ("Coxy", "Vol");
INSERT INTO BELONGSTO (NamePokemon, NameType) VALUE ("Tarsal", "Psy");
INSERT INTO BELONGSTO (NamePokemon, NameType) VALUE ("Skitty", "Normal");
INSERT INTO BELONGSTO (NamePokemon, NameType) VALUE ("Rozbouton", "Plante");
INSERT INTO BELONGSTO (NamePokemon, NameType) VALUE ("Rozbouton", "Poison");
INSERT INTO BELONGSTO (NamePokemon, NameType) VALUE ("Apitrini", "Insecte");
INSERT INTO BELONGSTO (NamePokemon, NameType) VALUE ("Apitrini", "Vol");
INSERT INTO BELONGSTO (NamePokemon, NameType) VALUE ("Boustiflor", "Plante");
INSERT INTO BELONGSTO (NamePokemon, NameType) VALUE ("Boustiflor", "Poison");
INSERT INTO BELONGSTO (NamePokemon, NameType) VALUE ("Mustéflott", "Eau");
INSERT INTO BELONGSTO (NamePokemon, NameType) VALUE ("Rapion", "Poison");
INSERT INTO BELONGSTO (NamePokemon, NameType) VALUE ("Rapion", "Insecte");
INSERT INTO BELONGSTO (NamePokemon, NameType) VALUE ("Brocélôme", "Spectre");
INSERT INTO BELONGSTO (NamePokemon, NameType) VALUE ("Brocélôme", "Plante");
INSERT INTO BELONGSTO (NamePokemon, NameType) VALUE ("Pitrouille", "Spectre");
INSERT INTO BELONGSTO (NamePokemon, NameType) VALUE ("Pitrouille", "Plante");
INSERT INTO BELONGSTO (NamePokemon, NameType) VALUE ("Cornèbre", "Tenebre");
INSERT INTO BELONGSTO (NamePokemon, NameType) VALUE ("Cornèbre", "Vol");
INSERT INTO BELONGSTO (NamePokemon, NameType) VALUE ("Trompignon", "Plante");
INSERT INTO BELONGSTO (NamePokemon, NameType) VALUE ("Trompignon", "Poison");
INSERT INTO BELONGSTO (NamePokemon, NameType) VALUE ("Trousselin", "Acier");
INSERT INTO BELONGSTO (NamePokemon, NameType) VALUE ("Lombre", "Eau");
INSERT INTO BELONGSTO (NamePokemon, NameType) VALUE ("Lombre", "Plante");
INSERT INTO BELONGSTO (NamePokemon, NameType) VALUE ("Ptitard", "Eau");
INSERT INTO BELONGSTO (NamePokemon, NameType) VALUE ("Têtarte", "Eau");
INSERT INTO BELONGSTO (NamePokemon, NameType) VALUE ("Bargantua", "Eau");
INSERT INTO BELONGSTO (NamePokemon, NameType) VALUE ("Spectrum", "Spectre");
INSERT INTO BELONGSTO (NamePokemon, NameType) VALUE ("Spectrum", "Poison");
INSERT INTO BELONGSTO (NamePokemon, NameType) VALUE ("Maraiste", "Eau");
INSERT INTO BELONGSTO (NamePokemon, NameType) VALUE ("Maraiste", "Sol");
INSERT INTO BELONGSTO (NamePokemon, NameType) VALUE ("Vortente", "Plante");
INSERT INTO BELONGSTO (NamePokemon, NameType) VALUE ("Carabing", "Insecte");
INSERT INTO BELONGSTO (NamePokemon, NameType) VALUE ("Escargaume", "Insecte");
INSERT INTO BELONGSTO (NamePokemon, NameType) VALUE ("Mucuscule", "Dragon");
INSERT INTO BELONGSTO (NamePokemon, NameType) VALUE ("Limonde", "Sol");
INSERT INTO BELONGSTO (NamePokemon, NameType) VALUE ("Limonde", "Electrik");
INSERT INTO BELONGSTO (NamePokemon, NameType) VALUE ("Abo", "Poison");
INSERT INTO BELONGSTO (NamePokemon, NameType) VALUE ("Chétiflor", "Plante");
INSERT INTO BELONGSTO (NamePokemon, NameType) VALUE ("Chétiflor", "Poison");
INSERT INTO BELONGSTO (NamePokemon, NameType) VALUE ("Barloche", "Eau");
INSERT INTO BELONGSTO (NamePokemon, NameType) VALUE ("Barloche", "Sol");
INSERT INTO BELONGSTO (NamePokemon, NameType) VALUE ("Barbicha", "Eau");
INSERT INTO BELONGSTO (NamePokemon, NameType) VALUE ("Barbicha", "Sol");

INSERT INTO ATTACK (Name, Power, Acc, NameType) VALUE ("Griffe", 40, 100, "Normal");
INSERT INTO ATTACK (Name, Power, Acc, NameType) VALUE ("Coud'Boue", 20, 100, "Sol");
INSERT INTO ATTACK (Name, Power, Acc, NameType) VALUE ("Ampleur", 60, 100, "Sol");
INSERT INTO ATTACK (Name, Power, Acc, NameType) VALUE ("Boue-Bombe", 65, 85, "Sol");
INSERT INTO ATTACK (Name, Power, Acc, NameType) VALUE ("Morsure", 60, 100, "Tenebre");
INSERT INTO ATTACK (Name, Power, Acc, NameType) VALUE ("Eboulement", 75, 90, "Roche");
INSERT INTO ATTACK (Name, Power, Acc, NameType) VALUE ("Charge", 40, 100, "Normal");
INSERT INTO ATTACK (Name, Power, Acc, NameType) VALUE ("Draco-Rage", 70, 100, "Dragon");
INSERT INTO ATTACK (Name, Power, Acc, NameType) VALUE ("Belier", 90, 85, "Normal");
INSERT INTO ATTACK (Name, Power, Acc, NameType) VALUE ("Dracogriffe", 80, 100, "Dragon");
INSERT INTO ATTACK (Name, Power, Acc, NameType) VALUE ("Flammeche", 40, 100, "Feu");
INSERT INTO ATTACK (Name, Power, Acc, NameType) VALUE ("Calcination", 60, 100, "Feu");
INSERT INTO ATTACK (Name, Power, Acc, NameType) VALUE ("Pouvoir Antique", 60, 100, "Roche");
INSERT INTO ATTACK (Name, Power, Acc, NameType) VALUE ("Lance-Flamme", 90, 100, "Feu");
INSERT INTO ATTACK (Name, Power, Acc, NameType) VALUE ("Choc Mental", 50, 100, "Psy");
INSERT INTO ATTACK (Name, Power, Acc, NameType) VALUE ("Rafale Psy", 65, 100, "Psy");
INSERT INTO ATTACK (Name, Power, Acc, NameType) VALUE ("Coupe Psycho", 70, 100, "Psy");
INSERT INTO ATTACK (Name, Power, Acc, NameType) VALUE ("Psyko", 90, 100, "Psy");
INSERT INTO ATTACK (Name, Power, Acc, NameType) VALUE ("Picpic", 35, 100, "Vol");
INSERT INTO ATTACK (Name, Power, Acc, NameType) VALUE ("Poursuite", 40, 100, "Tenebre");
INSERT INTO ATTACK (Name, Power, Acc, NameType) VALUE ("Picore", 60, 100, "Vol");
INSERT INTO ATTACK (Name, Power, Acc, NameType) VALUE ("Fouet Lianes", 45, 100, "Plante");
INSERT INTO ATTACK (Name, Power, Acc, NameType) VALUE ("Tranch'Herbe", 55, 95, "Plante");
INSERT INTO ATTACK (Name, Power, Acc, NameType) VALUE ("Lame-Feuille", 90, 100, "Plante");
INSERT INTO ATTACK (Name, Power, Acc, NameType) VALUE ("Poing-Karate", 50, 100, "Combat");
INSERT INTO ATTACK (Name, Power, Acc, NameType) VALUE ("Corps Perdu", 70, 100, "Combat");
INSERT INTO ATTACK (Name, Power, Acc, NameType) VALUE ("Etincelle", 65, 100, "Electrik");
INSERT INTO ATTACK (Name, Power, Acc, NameType) VALUE ("Coup d'Jus", 80, 100, "Electrik");
INSERT INTO ATTACK (Name, Power, Acc, NameType) VALUE ("Detritus", 65, 100, "Poison");
INSERT INTO ATTACK (Name, Power, Acc, NameType) VALUE ("Bombe Acide", 40, 100, "Poison");
INSERT INTO ATTACK (Name, Power, Acc, NameType) VALUE ("Bomb-Beurk", 90, 100, "Poison");
INSERT INTO ATTACK (Name, Power, Acc, NameType) VALUE ("Balayage", 50, 100, "Combat");
INSERT INTO ATTACK (Name, Power, Acc, NameType) VALUE ("Casse-Brique", 75, 100, "Combat");
INSERT INTO ATTACK (Name, Power, Acc, NameType) VALUE ("Vent Argente", 60, 100, "Insecte");
INSERT INTO ATTACK (Name, Power, Acc, NameType) VALUE ("Bourdon", 90, 100, "Insecte");
INSERT INTO ATTACK (Name, Power, Acc, NameType) VALUE ("Lame d'Air", 75, 95, "Vol");
INSERT INTO ATTACK (Name, Power, Acc, NameType) VALUE ("Devoreve", 100, 100, "Psy");
INSERT INTO ATTACK (Name, Power, Acc, NameType) VALUE ("Piqure", 60, 100, "insecte");
INSERT INTO ATTACK (Name, Power, Acc, NameType) VALUE ("Acide", 40, 100, "Poison");
INSERT INTO ATTACK (Name, Power, Acc, NameType) VALUE ("Direct Toxik", 80, 100, "Poison");
INSERT INTO ATTACK (Name, Power, Acc, NameType) VALUE ("Hantise", 90, 100, "Spectre");
INSERT INTO ATTACK (Name, Power, Acc, NameType) VALUE ("Etonnement", 30, 100, "Spectre");
INSERT INTO ATTACK (Name, Power, Acc, NameType) VALUE ("Ball'Ombre", 80, 100, "Spectre");
INSERT INTO ATTACK (Name, Power, Acc, NameType) VALUE ("Feinte", 60, 100, "Tenebre");
INSERT INTO ATTACK (Name, Power, Acc, NameType) VALUE ("Coup Bas", 70, 100, "Tenebre");
INSERT INTO ATTACK (Name, Power, Acc, NameType) VALUE ("Toxik", 50, 90, "Poison");
INSERT INTO ATTACK (Name, Power, Acc, NameType) VALUE ("Lance-Soleil", 120, 100, "Plante");
INSERT INTO ATTACK (Name, Power, Acc, NameType) VALUE ("Miroi-Tir", 65, 85, "Acier");
INSERT INTO ATTACK (Name, Power, Acc, NameType) VALUE ("Ecume", 40, 100, "Eau");
INSERT INTO ATTACK (Name, Power, Acc, NameType) VALUE ("Bulles D'O", 65, 100, "Eau");
INSERT INTO ATTACK (Name, Power, Acc, NameType) VALUE ("Hydrocanon", 110, 80, "Eau");
INSERT INTO ATTACK (Name, Power, Acc, NameType) VALUE ("Pistolet a O", 40, 100, "Eau");
INSERT INTO ATTACK (Name, Power, Acc, NameType) VALUE ("Aqua-Jet", 40, 100, "Eau");
INSERT INTO ATTACK (Name, Power, Acc, NameType) VALUE ("Poing Ombre", 60, 100, "Spectre");
INSERT INTO ATTACK (Name, Power, Acc, NameType) VALUE ("Feu Follet", 50, 85, "Feu");
INSERT INTO ATTACK (Name, Power, Acc, NameType) VALUE ("Vibrobscur", 80, 100, "Tenebre");
INSERT INTO ATTACK (Name, Power, Acc, NameType) VALUE ("Megafouet", 120, 85, "Plante");
INSERT INTO ATTACK (Name, Power, Acc, NameType) VALUE ("Plaie-Croix", 80, 100, "Insecte");
INSERT INTO ATTACK (Name, Power, Acc, NameType) VALUE ("Eclair", 40, 100, "Electrik");
INSERT INTO ATTACK (Name, Power, Acc, NameType) VALUE ("Lance-Boue", 40, 100, "Sol");

INSERT INTO LEARN (NamePokemon, NameAttack, LVL) VALUE ("Taupiqueur", "Griffe", 1);
INSERT INTO LEARN (NamePokemon, NameAttack, LVL) VALUE ("Taupiqueur", "Coud'Boue", 7);
INSERT INTO LEARN (NamePokemon, NameAttack, LVL) VALUE ("Taupiqueur", "Ampleur", 14);
INSERT INTO LEARN (NamePokemon, NameAttack, LVL) VALUE ("Taupiqueur", "Boue-Bombe", 25);
INSERT INTO LEARN (NamePokemon, NameAttack, LVL) VALUE ("Kraknoix", "Morsure", 1);
INSERT INTO LEARN (NamePokemon, NameAttack, LVL) VALUE ("Kraknoix", "Coud'Boue", 8);
INSERT INTO LEARN (NamePokemon, NameAttack, LVL) VALUE ("Kraknoix", "Eboulement", 15);
INSERT INTO LEARN (NamePokemon, NameAttack, LVL) VALUE ("Kraknoix", "Ampleur", 22);
INSERT INTO LEARN (NamePokemon, NameAttack, LVL) VALUE ("Griknot", "Charge", 1);
INSERT INTO LEARN (NamePokemon, NameAttack, LVL) VALUE ("Griknot", "Draco-Rage", 7);
INSERT INTO LEARN (NamePokemon, NameAttack, LVL) VALUE ("Griknot", "Belier", 15);
INSERT INTO LEARN (NamePokemon, NameAttack, LVL) VALUE ("Griknot", "Dracogriffe", 27);
INSERT INTO LEARN (NamePokemon, NameAttack, LVL) VALUE ("Gravalanch", "Charge", 1);
INSERT INTO LEARN (NamePokemon, NameAttack, LVL) VALUE ("Gravalanch", "Coud'Boue", 10);
INSERT INTO LEARN (NamePokemon, NameAttack, LVL) VALUE ("Gravalanch", "Ampleur", 17);
INSERT INTO LEARN (NamePokemon, NameAttack, LVL) VALUE ("Gravalanch", "Belier", 26);
INSERT INTO LEARN (NamePokemon, NameAttack, LVL) VALUE ("Limagma", "Flammeche", 1);
INSERT INTO LEARN (NamePokemon, NameAttack, LVL) VALUE ("Limagma", "Calcination", 9);
INSERT INTO LEARN (NamePokemon, NameAttack, LVL) VALUE ("Limagma", "Pouvoir Antique", 15);
INSERT INTO LEARN (NamePokemon, NameAttack, LVL) VALUE ("Limagma", "Lance-Flamme", 24);
INSERT INTO LEARN (NamePokemon, NameAttack, LVL) VALUE ("Abra", "Choc Mental", 1);
INSERT INTO LEARN (NamePokemon, NameAttack, LVL) VALUE ("Abra", "Rafale Psy", 6);
INSERT INTO LEARN (NamePokemon, NameAttack, LVL) VALUE ("Abra", "Coupe Psycho", 17);
INSERT INTO LEARN (NamePokemon, NameAttack, LVL) VALUE ("Abra", "Psyko", 26);
INSERT INTO LEARN (NamePokemon, NameAttack, LVL) VALUE ("Doduo", "Picpic", 1);
INSERT INTO LEARN (NamePokemon, NameAttack, LVL) VALUE ("Doduo", "Charge", 6);
INSERT INTO LEARN (NamePokemon, NameAttack, LVL) VALUE ("Doduo", "Poursuite", 12);
INSERT INTO LEARN (NamePokemon, NameAttack, LVL) VALUE ("Doduo", "Picore", 19);
INSERT INTO LEARN (NamePokemon, NameAttack, LVL) VALUE ("Sapereau", "Charge", 1);
INSERT INTO LEARN (NamePokemon, NameAttack, LVL) VALUE ("Sapereau", "Coud'Boue", 8);
INSERT INTO LEARN (NamePokemon, NameAttack, LVL) VALUE ("Sapereau", "Belier", 15);
INSERT INTO LEARN (NamePokemon, NameAttack, LVL) VALUE ("Sapereau", "Ampleur", 23);
INSERT INTO LEARN (NamePokemon, NameAttack, LVL) VALUE ("Cabriolaine", "Charge", 1);
INSERT INTO LEARN (NamePokemon, NameAttack, LVL) VALUE ("Cabriolaine", "Fouet Lianes", 9);
INSERT INTO LEARN (NamePokemon, NameAttack, LVL) VALUE ("Cabriolaine", "Tranch'Herbe", 14);
INSERT INTO LEARN (NamePokemon, NameAttack, LVL) VALUE ("Cabriolaine", "Lame-Feuille", 23);
INSERT INTO LEARN (NamePokemon, NameAttack, LVL) VALUE ("Pandespiègle", "Charge", 1);
INSERT INTO LEARN (NamePokemon, NameAttack, LVL) VALUE ("Pandespiègle", "Poing-Karate", 7);
INSERT INTO LEARN (NamePokemon, NameAttack, LVL) VALUE ("Pandespiègle", "Belier", 15);
INSERT INTO LEARN (NamePokemon, NameAttack, LVL) VALUE ("Pandespiègle", "Corps Perdu", 22);
INSERT INTO LEARN (NamePokemon, NameAttack, LVL) VALUE ("Couafarel", "Charge", 1);
INSERT INTO LEARN (NamePokemon, NameAttack, LVL) VALUE ("Couafarel", "Coud'Boue", 9);
INSERT INTO LEARN (NamePokemon, NameAttack, LVL) VALUE ("Couafarel", "Belier", 12);
INSERT INTO LEARN (NamePokemon, NameAttack, LVL) VALUE ("Couafarel", "Morsure", 21);
INSERT INTO LEARN (NamePokemon, NameAttack, LVL) VALUE ("Posipi", "Griffe", 1);
INSERT INTO LEARN (NamePokemon, NameAttack, LVL) VALUE ("Posipi", "Etincelle", 7);
INSERT INTO LEARN (NamePokemon, NameAttack, LVL) VALUE ("Posipi", "Belier", 16);
INSERT INTO LEARN (NamePokemon, NameAttack, LVL) VALUE ("Posipi", "Coup d'Jus", 22);
INSERT INTO LEARN (NamePokemon, NameAttack, LVL) VALUE ("Négapi", "Griffe", 1);
INSERT INTO LEARN (NamePokemon, NameAttack, LVL) VALUE ("Négapi", "Etincelle", 7);
INSERT INTO LEARN (NamePokemon, NameAttack, LVL) VALUE ("Négapi", "Belier", 16);
INSERT INTO LEARN (NamePokemon, NameAttack, LVL) VALUE ("Négapi", "Coup d'Jus", 22);
INSERT INTO LEARN (NamePokemon, NameAttack, LVL) VALUE ("Gloupti", "Charge", 1);
INSERT INTO LEARN (NamePokemon, NameAttack, LVL) VALUE ("Gloupti", "Detritus", 7);
INSERT INTO LEARN (NamePokemon, NameAttack, LVL) VALUE ("Gloupti", "Bombe Acide", 14);
INSERT INTO LEARN (NamePokemon, NameAttack, LVL) VALUE ("Gloupti", "Bomb-Beurk", 19);
INSERT INTO LEARN (NamePokemon, NameAttack, LVL) VALUE ("Baggiguane", "Belier", 1);
INSERT INTO LEARN (NamePokemon, NameAttack, LVL) VALUE ("Baggiguane", "Balayage", 9);
INSERT INTO LEARN (NamePokemon, NameAttack, LVL) VALUE ("Baggiguane", "Poursuite", 16);
INSERT INTO LEARN (NamePokemon, NameAttack, LVL) VALUE ("Baggiguane", "Casse-Brique", 22);
INSERT INTO LEARN (NamePokemon, NameAttack, LVL) VALUE ("Coxy", "Charge", 1);
INSERT INTO LEARN (NamePokemon, NameAttack, LVL) VALUE ("Coxy", "Vent Argente", 8);
INSERT INTO LEARN (NamePokemon, NameAttack, LVL) VALUE ("Coxy", "Bourdon", 14);
INSERT INTO LEARN (NamePokemon, NameAttack, LVL) VALUE ("Coxy", "Lame d'Air", 25);
INSERT INTO LEARN (NamePokemon, NameAttack, LVL) VALUE ("Tarsal", "Charge", 1);
INSERT INTO LEARN (NamePokemon, NameAttack, LVL) VALUE ("Tarsal", "Choc Mental", 8);
INSERT INTO LEARN (NamePokemon, NameAttack, LVL) VALUE ("Tarsal", "Psyko", 16);
INSERT INTO LEARN (NamePokemon, NameAttack, LVL) VALUE ("Tarsal", "Devoreve", 23);
INSERT INTO LEARN (NamePokemon, NameAttack, LVL) VALUE ("Skitty", "Charge", 1);
INSERT INTO LEARN (NamePokemon, NameAttack, LVL) VALUE ("Skitty", "Griffe", 8);
INSERT INTO LEARN (NamePokemon, NameAttack, LVL) VALUE ("Skitty", "Poursuite", 14);
INSERT INTO LEARN (NamePokemon, NameAttack, LVL) VALUE ("Skitty", "Belier", 21);
INSERT INTO LEARN (NamePokemon, NameAttack, LVL) VALUE ("Rozbouton", "Fouet Lianes", 1);
INSERT INTO LEARN (NamePokemon, NameAttack, LVL) VALUE ("Rozbouton", "Tranch'Herbe", 11);
INSERT INTO LEARN (NamePokemon, NameAttack, LVL) VALUE ("Rozbouton", "Lame-Feuille", 19);
INSERT INTO LEARN (NamePokemon, NameAttack, LVL) VALUE ("Apitrini", "Charge", 1);
INSERT INTO LEARN (NamePokemon, NameAttack, LVL) VALUE ("Apitrini", "Piqûre", 13);
INSERT INTO LEARN (NamePokemon, NameAttack, LVL) VALUE ("Apitrini", "Bourdon", 21);
INSERT INTO LEARN (NamePokemon, NameAttack, LVL) VALUE ("Boustiflor", "Fouet Lianes", 1);
INSERT INTO LEARN (NamePokemon, NameAttack, LVL) VALUE ("Boustiflor", "Acide", 10);
INSERT INTO LEARN (NamePokemon, NameAttack, LVL) VALUE ("Boustiflor", "Tranch'Herbe", 19);
INSERT INTO LEARN (NamePokemon, NameAttack, LVL) VALUE ("Boustiflor", "Direct Toxik", 26);
INSERT INTO LEARN (NamePokemon, NameAttack, LVL) VALUE ("Rapion", "Morsure", 1);
INSERT INTO LEARN (NamePokemon, NameAttack, LVL) VALUE ("Rapion", "Poursuite", 9);
INSERT INTO LEARN (NamePokemon, NameAttack, LVL) VALUE ("Rapion", "Piqure", 16);
INSERT INTO LEARN (NamePokemon, NameAttack, LVL) VALUE ("Rapion", "Acide", 21);
INSERT INTO LEARN (NamePokemon, NameAttack, LVL) VALUE ("Brocélôme", "Charge", 1);
INSERT INTO LEARN (NamePokemon, NameAttack, LVL) VALUE ("Brocélôme", "Fouet Lianes", 7);
INSERT INTO LEARN (NamePokemon, NameAttack, LVL) VALUE ("Brocélôme", "Poursuite", 13);
INSERT INTO LEARN (NamePokemon, NameAttack, LVL) VALUE ("Brocélôme", "Hantise", 19);
INSERT INTO LEARN (NamePokemon, NameAttack, LVL) VALUE ("Pitrouille", "Etonnement", 1);
INSERT INTO LEARN (NamePokemon, NameAttack, LVL) VALUE ("Pitrouille", "Tranch'Herbe", 10);
INSERT INTO LEARN (NamePokemon, NameAttack, LVL) VALUE ("Pitrouille", "Ball'Ombre", 19);
INSERT INTO LEARN (NamePokemon, NameAttack, LVL) VALUE ("Cornèbre", "Picpic", 1);
INSERT INTO LEARN (NamePokemon, NameAttack, LVL) VALUE ("Cornèbre", "Poursuite", 8);
INSERT INTO LEARN (NamePokemon, NameAttack, LVL) VALUE ("Cornèbre", "Feinte", 14);
INSERT INTO LEARN (NamePokemon, NameAttack, LVL) VALUE ("Cornèbre", "Coup Bas", 21);
INSERT INTO LEARN (NamePokemon, NameAttack, LVL) VALUE ("Trompignon", "Charge", 1);
INSERT INTO LEARN (NamePokemon, NameAttack, LVL) VALUE ("Trompignon", "Tranch'Herbe", 8);
INSERT INTO LEARN (NamePokemon, NameAttack, LVL) VALUE ("Trompignon", "Toxik", 14);
INSERT INTO LEARN (NamePokemon, NameAttack, LVL) VALUE ("Trompignon", "Lance-Soleil", 21);
INSERT INTO LEARN (NamePokemon, NameAttack, LVL) VALUE ("Trousselin", "Charge", 1);
INSERT INTO LEARN (NamePokemon, NameAttack, LVL) VALUE ("Trousselin", "Etonnement", 7);
INSERT INTO LEARN (NamePokemon, NameAttack, LVL) VALUE ("Trousselin", "Poursuite", 13);
INSERT INTO LEARN (NamePokemon, NameAttack, LVL) VALUE ("Trousselin", "Miroi-Tir", 19);
INSERT INTO LEARN (NamePokemon, NameAttack, LVL) VALUE ("Lombre", "Etonnement", 1);
INSERT INTO LEARN (NamePokemon, NameAttack, LVL) VALUE ("Lombre", "Ecume", 7);
INSERT INTO LEARN (NamePokemon, NameAttack, LVL) VALUE ("Lombre", "Bulles D'O", 16);
INSERT INTO LEARN (NamePokemon, NameAttack, LVL) VALUE ("Lombre", "Hydrocanon", 23);
INSERT INTO LEARN (NamePokemon, NameAttack, LVL) VALUE ("Mustéflott", "Charge", 1);
INSERT INTO LEARN (NamePokemon, NameAttack, LVL) VALUE ("Mustéflott", "Pistolet a O", 9);
INSERT INTO LEARN (NamePokemon, NameAttack, LVL) VALUE ("Mustéflott", "Aqua-Jet", 16);
INSERT INTO LEARN (NamePokemon, NameAttack, LVL) VALUE ("Mustéflott", "Hydrocanon", 22);
INSERT INTO LEARN (NamePokemon, NameAttack, LVL) VALUE ("Ptitard", "Pistolet à O", 1);
INSERT INTO LEARN (NamePokemon, NameAttack, LVL) VALUE ("Ptitard", "Ecume", 7);
INSERT INTO LEARN (NamePokemon, NameAttack, LVL) VALUE ("Ptitard", "Bulles D'O", 15);
INSERT INTO LEARN (NamePokemon, NameAttack, LVL) VALUE ("Ptitard", "Boue-Bombe", 21);
INSERT INTO LEARN (NamePokemon, NameAttack, LVL) VALUE ("Têtarte", "Pistolet a O", 1);
INSERT INTO LEARN (NamePokemon, NameAttack, LVL) VALUE ("Têtarte", "Ecume", 7);
INSERT INTO LEARN (NamePokemon, NameAttack, LVL) VALUE ("Têtarte", "Bulles D'O", 15);
INSERT INTO LEARN (NamePokemon, NameAttack, LVL) VALUE ("Têtarte", "Boue-Bombe", 21);
INSERT INTO LEARN (NamePokemon, NameAttack, LVL) VALUE ("Bargantua", "Charge", 1);
INSERT INTO LEARN (NamePokemon, NameAttack, LVL) VALUE ("Bargantua", "Pistolet a O", 7);
INSERT INTO LEARN (NamePokemon, NameAttack, LVL) VALUE ("Bargantua", "Morsure", 14);
INSERT INTO LEARN (NamePokemon, NameAttack, LVL) VALUE ("Bargantua", "Hydrocanon", 23);
INSERT INTO LEARN (NamePokemon, NameAttack, LVL) VALUE ("Spectrum", "Poing Ombre", 1);
INSERT INTO LEARN (NamePokemon, NameAttack, LVL) VALUE ("Spectrum", "Feu Follet", 8);
INSERT INTO LEARN (NamePokemon, NameAttack, LVL) VALUE ("Spectrum", "Direct Toxik", 19);
INSERT INTO LEARN (NamePokemon, NameAttack, LVL) VALUE ("Spectrum", "Vibrobscur", 1);
INSERT INTO LEARN (NamePokemon, NameAttack, LVL) VALUE ("Maraiste", "Pistolet a O", 1);
INSERT INTO LEARN (NamePokemon, NameAttack, LVL) VALUE ("Maraiste", "Lance-Boue", 9);
INSERT INTO LEARN (NamePokemon, NameAttack, LVL) VALUE ("Maraiste", "Boue-Bombe", 16);
INSERT INTO LEARN (NamePokemon, NameAttack, LVL) VALUE ("Maraiste", "Hydrocanon", 23);
INSERT INTO LEARN (NamePokemon, NameAttack, LVL) VALUE ("Vortente", "Charge", 1);
INSERT INTO LEARN (NamePokemon, NameAttack, LVL) VALUE ("Vortente", "Morsure", 7);
INSERT INTO LEARN (NamePokemon, NameAttack, LVL) VALUE ("Vortente", "Fouet Lianes", 16);
INSERT INTO LEARN (NamePokemon, NameAttack, LVL) VALUE ("Vortente", "Megafouet", 25);
INSERT INTO LEARN (NamePokemon, NameAttack, LVL) VALUE ("Carabing", "Picpic", 1);
INSERT INTO LEARN (NamePokemon, NameAttack, LVL) VALUE ("Carabing", "Belier", 9);
INSERT INTO LEARN (NamePokemon, NameAttack, LVL) VALUE ("Carabing", "Bourdon", 17);
INSERT INTO LEARN (NamePokemon, NameAttack, LVL) VALUE ("Carabing", "Plaie-Croix", 24);
INSERT INTO LEARN (NamePokemon, NameAttack, LVL) VALUE ("Escargaume", "Tranch'Herbe", 1);
INSERT INTO LEARN (NamePokemon, NameAttack, LVL) VALUE ("Escargaume", "Fouet Lianes", 8);
INSERT INTO LEARN (NamePokemon, NameAttack, LVL) VALUE ("Escargaume", "Bourdon", 17);
INSERT INTO LEARN (NamePokemon, NameAttack, LVL) VALUE ("Mucuscule", "Charge", 1);
INSERT INTO LEARN (NamePokemon, NameAttack, LVL) VALUE ("Mucuscule", "Ecume", 9);
INSERT INTO LEARN (NamePokemon, NameAttack, LVL) VALUE ("Mucuscule", "Pistolet a O", 17);
INSERT INTO LEARN (NamePokemon, NameAttack, LVL) VALUE ("Mucuscule", "Dracogriffe", 24);
INSERT INTO LEARN (NamePokemon, NameAttack, LVL) VALUE ("Limonde", "Charge", 1);
INSERT INTO LEARN (NamePokemon, NameAttack, LVL) VALUE ("Limonde", "Coud'Boue", 6);
INSERT INTO LEARN (NamePokemon, NameAttack, LVL) VALUE ("Limonde", "Eclair", 15);
INSERT INTO LEARN (NamePokemon, NameAttack, LVL) VALUE ("Limonde", "Boue-Bombe", 20);
INSERT INTO LEARN (NamePokemon, NameAttack, LVL) VALUE ("Abo", "Morsure", 1);
INSERT INTO LEARN (NamePokemon, NameAttack, LVL) VALUE ("Abo", "Acide", 7);
INSERT INTO LEARN (NamePokemon, NameAttack, LVL) VALUE ("Abo", "Bombe Acide", 15);
INSERT INTO LEARN (NamePokemon, NameAttack, LVL) VALUE ("Abo", "Boue-Bombe", 24);
INSERT INTO LEARN (NamePokemon, NameAttack, LVL) VALUE ("Chétiflor", "Fouet Lianes", 1);
INSERT INTO LEARN (NamePokemon, NameAttack, LVL) VALUE ("Chétiflor", "Acide", 7);
INSERT INTO LEARN (NamePokemon, NameAttack, LVL) VALUE ("Chétiflor", "Tranch'Herbe", 16);
INSERT INTO LEARN (NamePokemon, NameAttack, LVL) VALUE ("Chétiflor", "Direct Toxik", 23);
INSERT INTO LEARN (NamePokemon, NameAttack, LVL) VALUE ("Barloche", "Coud'Boue", 1);
INSERT INTO LEARN (NamePokemon, NameAttack, LVL) VALUE ("Barloche", "Pistolet a O", 8);
INSERT INTO LEARN (NamePokemon, NameAttack, LVL) VALUE ("Barloche", "Boue-Bombe", 15);
INSERT INTO LEARN (NamePokemon, NameAttack, LVL) VALUE ("Barloche", "Hydrocanon", 21);
INSERT INTO LEARN (NamePokemon, NameAttack, LVL) VALUE ("Barbicha", "Coud'Boue", 1);
INSERT INTO LEARN (NamePokemon, NameAttack, LVL) VALUE ("Barbicha", "Pistolet a O", 7);
INSERT INTO LEARN (NamePokemon, NameAttack, LVL) VALUE ("Barbicha", "Boue-Bombe", 13);
INSERT INTO LEARN (NamePokemon, NameAttack, LVL) VALUE ("Barbicha", "Hydrocanon", 18);

INSERT INTO LIVES (NamePokemon, NameLocation) VALUE ("Taupiqueur", "Route13");
INSERT INTO LIVES (NamePokemon, NameLocation) VALUE ("Kraknoix", "Route13");
INSERT INTO LIVES (NamePokemon, NameLocation) VALUE ("Griknot", "Route13");
INSERT INTO LIVES (NamePokemon, NameLocation) VALUE ("Gravalanch", "Route13");
INSERT INTO LIVES (NamePokemon, NameLocation) VALUE ("Limagma", "Route13");
INSERT INTO LIVES (NamePokemon, NameLocation) VALUE ("Abra", "Route5");
INSERT INTO LIVES (NamePokemon, NameLocation) VALUE ("Doduo", "Route5");
INSERT INTO LIVES (NamePokemon, NameLocation) VALUE ("Sapereau", "Route5");
INSERT INTO LIVES (NamePokemon, NameLocation) VALUE ("Cabriolaine", "Route5");
INSERT INTO LIVES (NamePokemon, NameLocation) VALUE ("Pandespiègle", "Route5");
INSERT INTO LIVES (NamePokemon, NameLocation) VALUE ("Couafarel", "Route5");
INSERT INTO LIVES (NamePokemon, NameLocation) VALUE ("Posipi", "Route5");
INSERT INTO LIVES (NamePokemon, NameLocation) VALUE ("Négapi", "Route5");
INSERT INTO LIVES (NamePokemon, NameLocation) VALUE ("Gloupti", "Route5");
INSERT INTO LIVES (NamePokemon, NameLocation) VALUE ("Baggiguane", "Route5");
INSERT INTO LIVES (NamePokemon, NameLocation) VALUE ("Coxy", "Route4");
INSERT INTO LIVES (NamePokemon, NameLocation) VALUE ("Tarsal", "Route4");
INSERT INTO LIVES (NamePokemon, NameLocation) VALUE ("Skitty", "Route4");
INSERT INTO LIVES (NamePokemon, NameLocation) VALUE ("Rozbouton", "Route4");
INSERT INTO LIVES (NamePokemon, NameLocation) VALUE ("Apitrini", "Route4");
INSERT INTO LIVES (NamePokemon, NameLocation) VALUE ("Boustiflor", "Route16");
INSERT INTO LIVES (NamePokemon, NameLocation) VALUE ("Rapion", "Route16");
INSERT INTO LIVES (NamePokemon, NameLocation) VALUE ("Brocélôme", "Route16");
INSERT INTO LIVES (NamePokemon, NameLocation) VALUE ("Pitrouille", "Route16");
INSERT INTO LIVES (NamePokemon, NameLocation) VALUE ("Cornèbre", "Route16");
INSERT INTO LIVES (NamePokemon, NameLocation) VALUE ("Trompignon", "Route16");
INSERT INTO LIVES (NamePokemon, NameLocation) VALUE ("Trousselin", "Route16");
INSERT INTO LIVES (NamePokemon, NameLocation) VALUE ("Lombre", "Route16");
INSERT INTO LIVES (NamePokemon, NameLocation) VALUE ("Mustéflott", "Route16");
INSERT INTO LIVES (NamePokemon, NameLocation) VALUE ("Ptitard", "Route16");
INSERT INTO LIVES (NamePokemon, NameLocation) VALUE ("Têtarte", "Route16");
INSERT INTO LIVES (NamePokemon, NameLocation) VALUE ("Bargantua", "Route16");
INSERT INTO LIVES (NamePokemon, NameLocation) VALUE ("Boustiflor", "Route14");
INSERT INTO LIVES (NamePokemon, NameLocation) VALUE ("Spectrum", "Route14");
INSERT INTO LIVES (NamePokemon, NameLocation) VALUE ("Maraiste", "Route14");
INSERT INTO LIVES (NamePokemon, NameLocation) VALUE ("Vortente", "Route14");
INSERT INTO LIVES (NamePokemon, NameLocation) VALUE ("Carabing", "Route14");
INSERT INTO LIVES (NamePokemon, NameLocation) VALUE ("Escargaume", "Route14");
INSERT INTO LIVES (NamePokemon, NameLocation) VALUE ("Mucuscule", "Route14");
INSERT INTO LIVES (NamePokemon, NameLocation) VALUE ("Limonde", "Route14");
INSERT INTO LIVES (NamePokemon, NameLocation) VALUE ("Abo", "Route14");
INSERT INTO LIVES (NamePokemon, NameLocation) VALUE ("Chétiflor", "Route14");
INSERT INTO LIVES (NamePokemon, NameLocation) VALUE ("Rapion", "Route14");
INSERT INTO LIVES (NamePokemon, NameLocation) VALUE ("Barloche", "Route14");
INSERT INTO LIVES (NamePokemon, NameLocation) VALUE ("Barbicha", "Route14");
